ID,Active,Name,Categories,Price,Tax,Wholesale price,OnSale,Discount,DiscountPercent,DiscountFrom,DiscountTo,Reference,SupplierReference,Supplier,Manufacturer,Ean13,Upc,Ecotax,Width,Height,Depth,Weight,Quantity,MinimalQuantity,Visibility,AdditionalShippingCost,Unity,UnityPrice,ShortDescription,Description,Tags,Metatitle,MetaKeywords,MetaDescription,UrlRewritten,TextStock,TextBackorder,Avaiable,ProductAvaiableDate,ProductCreationDate,ShowPrice,ImageUrls,DeleteExistingImages,Feature,AvaiableOnline,Condition,Customizable,Uploadable,TextFields,OutStock,IdNameShop,AdvancedStockManagement,DependsOnStock,Warehouse,,,
1,1,Slim fit suit,3,735,31,735,,,,,,1,,,,,,,,,,,100,1,both,,,,Super 140s AAAAA wool,"Indigo blue suit, micro weaved on virgin wool Super 140s AAAAAby Lanificio F.lli Cerruti, made exclusively for De Fursac 2-button jacket with tailored collar, 2 flap pockets, 1 back vent. Trousers, fastening with visible button, 2 Italian pockets,trouser bottom width 18 cm, unhemmed. Mens suit 100% Super 140s AAAAA virgin wool by Lanificio F.lli CerrutiLining 100% viscose, corozo buttonsDry clean",Slim fit suit,Slim fit suit,Slim fit suit,Super 140s AAAAA wool,,,,,,,,http://www.defursac.net/media/catalog/product/cache/2/image/1090x1500/170ec19af00183b5e0368529fc2daa2f/1/6/16hc3ilya-i512-32-1.jpg,http://www.defursac.net/media/catalog/product/cache/2/image/1090x1500/170ec19af00183b5e0368529fc2daa2f/1/6/16hc3ilya-i512-32-2.jpg,http://www.defursac.net/media/catalog/product/cache/2/image/1090x1500/170ec19af00183b5e0368529fc2daa2f/1/6/16hc3ilya-i512-32-3.jpg,http://www.defursac.net/media/catalog/product/cache/2/image/1090x1500/170ec19af00183b5e0368529fc2daa2f/1/6/16hc3ilya-i512-32-4.jpg,http://www.defursac.net/media/catalog/product/cache/2/image/1090x1500/170ec19af00183b5e0368529fc2daa2f/1/6/16hc3ilya-i512-32-5.jpg,,,1,new,0,0,0,0,1,,
2,1,Slim fit suit,3,695,31,695,,,,,,2,,,,,,,,,,,100,1,both,,,,Virgin wool flannel,"Medium grey Prince of Wales suit in flannel virgin wool 2-button jacket, tailored collar with open buttonhole,open cuff buttonholes,2 flap pockets, 2 back vents. Trousers, fastening with visible buttonand adjustable waist tab, 2 Italian pockets,trouser bottom width 18 cm, finished with a turn-up(it is possible to open the turn-up to lengthen the leg). Mens suit 98% virgin wool, 2% elastaneLining 100% viscose, corozo buttonsDry clean",Slim fit suit,Slim fit suit,Slim fit suit,Virgin wool flannel,,,,,,,,http://www.defursac.net/media/catalog/product/cache/2/image/1090x1500/170ec19af00183b5e0368529fc2daa2f/1/6/16hc3idda-i528-29-1.jpg,http://www.defursac.net/media/catalog/product/cache/2/image/1090x1500/170ec19af00183b5e0368529fc2daa2f/1/6/16hc3idda-i528-29-2.jpg,http://www.defursac.net/media/catalog/product/cache/2/image/1090x1500/170ec19af00183b5e0368529fc2daa2f/1/6/16hc3idda-i528-29-3.jpg,http://www.defursac.net/media/catalog/product/cache/2/image/1090x1500/170ec19af00183b5e0368529fc2daa2f/1/6/16hc3idda-i528-29-4.jpg,,,1,new,0,0,0,0,1,,,
3,1,Slim fit suit,3,695,31,695,,,,,,3,,,,,,,,,,,100,1,both,,,,Super 130s AAAAA wool,"Navy blue plain serge suit,Lanificio F.lli Cerruti Super 130s AAAAA virgin wool,made exclusively for De Fursac 2-button jacket with tailored collar,2 flap pockets, 1 back vent.Trousers, fastening with hidden button, 2 Italian pockets,trouser bottom width 18 cm, unhemmed Blue mens suit 100% Lanificio F.lli Cerruti Super 130s virgin woolLining 100% viscose, corozo buttonsDry clean",Slim fit suit,Slim fit suit,Slim fit suit,Super 130s AAAAA wool,,,,,,,,http://www.defursac.net/media/catalog/product/cache/2/image/1090x1500/170ec19af00183b5e0368529fc2daa2f/1/6/16hc3mily-n530-31-1.jpg,http://www.defursac.net/media/catalog/product/cache/2/image/1090x1500/170ec19af00183b5e0368529fc2daa2f/1/6/16hc3mily-n530-31-2.jpg,http://www.defursac.net/media/catalog/product/cache/2/image/1090x1500/170ec19af00183b5e0368529fc2daa2f/1/6/16hc3mily-n530-31-3.jpg,http://www.defursac.net/media/catalog/product/cache/2/image/1090x1500/170ec19af00183b5e0368529fc2daa2f/1/6/16hc3mily-n530-31-4.jpg,http://www.defursac.net/media/catalog/product/cache/2/image/1090x1500/170ec19af00183b5e0368529fc2daa2f/1/6/16hc3mily-n530-31-5.jpg,,,1,new,0,0,0,0,1,,
4,1,Slim fit suit,3,765,31,765,,,,,,4,,,,,,,,,,,100,1,both,,,,Super 140s AAAAA wool,"Carbon blue bird's eye pattern suit in virgin wool Super 140s AAAAAby Lanificio F.lli Cerruti, made exclusively for De Fursac 2-button jacket with tailored collar, 2 flap pockets, 1 back vent. Trousers, fastening with visible button, 2 Italian pockets,trouser bottom width 18 cm, unhemmed. Mens suit 100% Super 140s AAAAA virgin wool by Lanificio F.lli CerrutiLining 100% viscose, corozo buttonsDry clean",Slim fit suit,Slim fit suit,Slim fit suit,Super 140s AAAAA wool,,,,,,,,http://www.defursac.net/media/catalog/product/cache/2/image/1090x1500/170ec19af00183b5e0368529fc2daa2f/1/6/16hc3ilya-i507-31-1.jpg,http://www.defursac.net/media/catalog/product/cache/2/image/1090x1500/170ec19af00183b5e0368529fc2daa2f/1/6/16hc3ilya-i507-31-2.jpg,http://www.defursac.net/media/catalog/product/cache/2/image/1090x1500/170ec19af00183b5e0368529fc2daa2f/1/6/16hc3ilya-i507-31-3.jpg,http://www.defursac.net/media/catalog/product/cache/2/image/1090x1500/170ec19af00183b5e0368529fc2daa2f/1/6/16hc3ilya-i507-31-4.jpg,http://www.defursac.net/media/catalog/product/cache/2/image/1090x1500/170ec19af00183b5e0368529fc2daa2f/1/6/16hc3ilya-i507-31-5.jpg,,,1,new,0,0,0,0,1,,
5,1,3-piece slim fit suit,3,785,31,785,,,,,,5,,,,,,,,,,,100,1,both,,,,iTravel virgin wool,"Carbon blue end-on-end suit in virgin wool ""iTravel""by Lanificio F.lli Cerruti, made exclusively for De Fursac 2-button jacket with tailored collar, 2 flap pockets, 1 back vent.5 button waistcoat, viscose back with tab and metal buckle. Trousers, fastening with visible button, 2 Italian pockets,trouser bottom width 18 cm, unhemmed. Mens suit 100% ""iTravel"" virgin wool by Lanificio F.lli CerrutiLining 100% viscose, corozo buttonsDry clean",3-piece slim fit suit,3-piece slim fit suit,3-piece slim fit suit,iTravel virgin wool,,,,,,,,http://www.defursac.net/media/catalog/product/cache/2/image/1090x1500/170ec19af00183b5e0368529fc2daa2f/1/6/16hc3ilda-f567-31-1.jpg,http://www.defursac.net/media/catalog/product/cache/2/image/1090x1500/170ec19af00183b5e0368529fc2daa2f/1/6/16hc3ilda-f567-31-2.jpg,http://www.defursac.net/media/catalog/product/cache/2/image/1090x1500/170ec19af00183b5e0368529fc2daa2f/1/6/16hc3ilda-f567-31-3.jpg,http://www.defursac.net/media/catalog/product/cache/2/image/1090x1500/170ec19af00183b5e0368529fc2daa2f/1/6/16hc3ilda-f567-31-4.jpg,http://www.defursac.net/media/catalog/product/cache/2/image/1090x1500/170ec19af00183b5e0368529fc2daa2f/1/6/16hc3ilda-f567-31-5.jpg,http://www.defursac.net/media/catalog/product/cache/2/image/1090x1500/170ec19af00183b5e0368529fc2daa2f/1/6/16hc3ilda-f567-31-6.jpg,,,1,new,0,0,0,0,1,
6,1,3-piece slim fit suit,3,785,31,785,,,,,,6,,,,,,,,,,,100,1,both,,,,Virgin wool,"Medium grey 3-piece suit, micro design on virgin wool 2-button jacket with tailored collar, 2 flap pockets, 1 back vent.5 button waistcoat, viscose back with tab and metal buckle. Trousers, fastening with visible button, 2 Italian pockets,trouser bottom width 18 cm, unhemmed. Mens suit 100% virigin woolLining 100% viscose, corozo buttonsDry clean",3-piece slim fit suit,3-piece slim fit suit,3-piece slim fit suit,Virgin wool,,,,,,,,http://www.defursac.net/media/catalog/product/cache/2/image/1090x1500/170ec19af00183b5e0368529fc2daa2f/1/6/16hc3ilda-i535-29-1.jpg,http://www.defursac.net/media/catalog/product/cache/2/image/1090x1500/170ec19af00183b5e0368529fc2daa2f/1/6/16hc3ilda-i535-29-2.jpg,http://www.defursac.net/media/catalog/product/cache/2/image/1090x1500/170ec19af00183b5e0368529fc2daa2f/1/6/16hc3ilda-i535-29-3.jpg,http://www.defursac.net/media/catalog/product/cache/2/image/1090x1500/170ec19af00183b5e0368529fc2daa2f/1/6/16hc3ilda-i535-29-4.jpg,http://www.defursac.net/media/catalog/product/cache/2/image/1090x1500/170ec19af00183b5e0368529fc2daa2f/1/6/16hc3ilda-i535-29-5.jpg,http://www.defursac.net/media/catalog/product/cache/2/image/1090x1500/170ec19af00183b5e0368529fc2daa2f/1/6/16hc3ilda-i535-29-6.jpg,http://www.defursac.net/media/catalog/product/cache/2/image/1090x1500/170ec19af00183b5e0368529fc2daa2f/1/6/16hc3ilda-i535-29-7.jpg,,,1,new,0,0,0,0,1
7,1,Regular fit suit,3,765,31,765,,,,,,7,,,,,,,,,,,100,1,both,,,,Super 140s AAAAA wool,"Carbon blue suit, micro weaved on virgin wool Super 140s AAAAAby Lanificio F.lli Cerruti, made exclusively for De Fursac 2-button jacket, tailored collar with open buttonhole,2 flap pockets, 1 back vent. Trousers, fastening with visible button,2 Italian pockets, trouser bottom width 19 cm, unhemmed. From size 58, the jacket has 2 back ventsand the trouser bottom width is 21 cm. Mens suit 100% Super 140s AAAAA virgin wool by Lanificio F.lli CerrutiLining 100% viscose, corozo buttonsDry clean",Regular fit suit,Regular fit suit,Regular fit suit,Super 140s AAAAA wool,,,,,,,,http://www.defursac.net/media/catalog/product/cache/2/image/1090x1500/170ec19af00183b5e0368529fc2daa2f/1/6/16hc2ildo-i512-32-1.jpg,http://www.defursac.net/media/catalog/product/cache/2/image/1090x1500/170ec19af00183b5e0368529fc2daa2f/1/6/16hc2ildo-i512-32-2.jpg,http://www.defursac.net/media/catalog/product/cache/2/image/1090x1500/170ec19af00183b5e0368529fc2daa2f/1/6/16hc2ildo-i512-32-3.jpg,http://www.defursac.net/media/catalog/product/cache/2/image/1090x1500/170ec19af00183b5e0368529fc2daa2f/1/6/16hc2ildo-i512-32-4.jpg,,,1,new,0,0,0,0,1,,,
8,1,Slim fit suit,3,765,31,765,,,,,,8,,,,,,,,,,,100,1,both,,,,Super 140s AAAAA wool,"Medium grey bird's eye pattern suit in virgin wool Super 140s AAAAAby Lanificio F.lli Cerruti, made exclusively for De Fursac 2-button jacket with tailored collar, 2 flap pockets, 1 back vent. Trousers, fastening with visible button, 2 Italian pockets,trouser bottom width 18 cm, unhemmed. Mens suit 100% Super 140s AAAAA virgin wool by Lanificio F.lli CerrutiLining 100% viscose, corozo buttonsDry clean",Slim fit suit,Slim fit suit,Slim fit suit,Super 140s AAAAA wool,,,,,,,,http://www.defursac.net/media/catalog/product/cache/2/image/1090x1500/170ec19af00183b5e0368529fc2daa2f/1/6/16hc3ilya-i554-29-1.jpg,http://www.defursac.net/media/catalog/product/cache/2/image/1090x1500/170ec19af00183b5e0368529fc2daa2f/1/6/16hc3ilya-i554-29-2.jpg,http://www.defursac.net/media/catalog/product/cache/2/image/1090x1500/170ec19af00183b5e0368529fc2daa2f/1/6/16hc3ilya-i554-29-3.jpg,http://www.defursac.net/media/catalog/product/cache/2/image/1090x1500/170ec19af00183b5e0368529fc2daa2f/1/6/16hc3ilya-i554-29-4.jpg,http://www.defursac.net/media/catalog/product/cache/2/image/1090x1500/170ec19af00183b5e0368529fc2daa2f/1/6/16hc3ilya-i554-29-5.jpg,,,1,new,0,0,0,0,1,,
9,1,3-piece slim fit suit,3,785,31,785,,,,,,9,,,,,,,,,,,100,1,both,,,,iTravel virgin wool,"Mineral blue end-on-end 3-piece suit on ""iTravel"" virgin woolby Lanificio F.lli Cerruti, made exclusively for De Fursac. 2-button jacket with tailored collar, 2 flap pockets, 1 back vent5 button waistcoat, viscose back with tab and metal buckle Trousers, fastening with hidden button, 2 Italian pockets,trouser bottom width 18 cm, unhemmed Mens suit 100% ""iTravel"" virgin wool by Lanificio F.lli CerrutiLining 100% viscose, corozo buttonsDry clean",3-piece slim fit suit,3-piece slim fit suit,3-piece slim fit suit,iTravel virgin wool,,,,,,,,http://www.defursac.net/media/catalog/product/cache/2/image/1090x1500/170ec19af00183b5e0368529fc2daa2f/1/6/16ec3digg-f567-32-1.jpg,http://www.defursac.net/media/catalog/product/cache/2/image/1090x1500/170ec19af00183b5e0368529fc2daa2f/1/6/16ec3digg-f567-32-2.jpg,http://www.defursac.net/media/catalog/product/cache/2/image/1090x1500/170ec19af00183b5e0368529fc2daa2f/1/6/16ec3digg-f567-32-4.jpg,http://www.defursac.net/media/catalog/product/cache/2/image/1090x1500/170ec19af00183b5e0368529fc2daa2f/1/6/16ec3digg-f567-32-3.jpg,http://www.defursac.net/media/catalog/product/cache/2/image/1090x1500/170ec19af00183b5e0368529fc2daa2f/1/6/16ec3digg-f567-32-5.jpg,http://www.defursac.net/media/catalog/product/cache/2/image/1090x1500/170ec19af00183b5e0368529fc2daa2f/1/6/16ec3digg-f567-32-6.jpg,,,1,new,0,0,0,0,1,
10,1,Double-breasted suit,3,765,31,765,,,,,,10,,,,,,,,,,,100,1,both,,,,Tasmanian virgin wool,"Navy blue double-breasted suit, Tasmanian virgin wool plain serge 6-button double-breasted jacket,peak collar with open buttonhole, open cuff buttonholes,2 flap pockets, 2 back vents. Trousers, fastening with visible buttonand adjustable waist tab, 2 Italian pockets,trouser bottom width 18 cm, finished invisible hem.(it is possible to open the hem to lengthen the leg) Mens suit 100% Tasmanian virgin woolLining 100% viscose, corozo buttonsDry clean",Double-breasted suit,Double-breasted suit,Double-breasted suit,Tasmanian virgin wool,,,,,,,,http://www.defursac.net/media/catalog/product/cache/2/image/1090x1500/170ec19af00183b5e0368529fc2daa2f/1/6/16hc3ideo-i502-30-1.jpg,http://www.defursac.net/media/catalog/product/cache/2/image/1090x1500/170ec19af00183b5e0368529fc2daa2f/1/6/16hc3ideo-i502-30-5.jpg,http://www.defursac.net/media/catalog/product/cache/2/image/1090x1500/170ec19af00183b5e0368529fc2daa2f/1/6/16hc3ideo-i502-30-2.jpg,http://www.defursac.net/media/catalog/product/cache/2/image/1090x1500/170ec19af00183b5e0368529fc2daa2f/1/6/16hc3ideo-i502-30-6.jpg,http://www.defursac.net/media/catalog/product/cache/2/image/1090x1500/170ec19af00183b5e0368529fc2daa2f/1/6/16hc3ideo-i502-30-4.jpg,,,1,new,0,0,0,0,1,,
11,1,Regular fit suit,3,695,31,695,,,,,,11,,,,,,,,,,,100,1,both,,,,Super 130s AAAAA wool,,Regular fit suit,Regular fit suit,Regular fit suit,Super 130s AAAAA wool,,,,,,,,http://www.defursac.net/media/catalog/product/cache/2/image/1090x1500/170ec19af00183b5e0368529fc2daa2f/1/6/16hc2bony-n530-21-1.jpg,http://www.defursac.net/media/catalog/product/cache/2/image/1090x1500/170ec19af00183b5e0368529fc2daa2f/1/6/16hc2bony-n530-21-2.jpg,http://www.defursac.net/media/catalog/product/cache/2/image/1090x1500/170ec19af00183b5e0368529fc2daa2f/1/6/16hc2bony-n530-21-3.jpg,http://www.defursac.net/media/catalog/product/cache/2/image/1090x1500/170ec19af00183b5e0368529fc2daa2f/1/6/16hc2bony-n530-21-4.jpg,http://www.defursac.net/media/catalog/product/cache/2/image/1090x1500/170ec19af00183b5e0368529fc2daa2f/1/6/16hc2bony-n530-21-5.jpg,,,1,new,0,0,0,0,1,,
12,1,3-piece slim fit suit,3,935,31,935,,,,,,12,,,,,,,,,,,100,1,both,,,,Virgin wool flannel,"Ash grey 3-piece suit, chalk stripeson virgin wool flannel 2-button jacket, tailored collar with open buttonhole,open cuff buttonholes, 2 flap pockets, 2 back vents.5 button waistcoat, viscose back with tab and metal buckle. Trousers, fastening with visible buttonand adjustable waist tab, 2 Italian pockets,trouser bottom width 18 cm, finished with a turn-up(it is possible to open the turn-up to lengthen the leg). Mens suit 100% virgin woolLining 100% viscose, corozo buttonsDry clean",3-piece slim fit suit,3-piece slim fit suit,3-piece slim fit suit,Virgin wool flannel,,,,,,,,http://www.defursac.net/media/catalog/product/cache/2/image/1090x1500/170ec19af00183b5e0368529fc2daa2f/1/6/16hc3idag-i549-24-1.jpg,http://www.defursac.net/media/catalog/product/cache/2/image/1090x1500/170ec19af00183b5e0368529fc2daa2f/1/6/16hc3idag-i549-24-2.jpg,http://www.defursac.net/media/catalog/product/cache/2/image/1090x1500/170ec19af00183b5e0368529fc2daa2f/1/6/16hc3idag-i549-24-3.jpg,http://www.defursac.net/media/catalog/product/cache/2/image/1090x1500/170ec19af00183b5e0368529fc2daa2f/1/6/16hc3idag-i549-24-4.jpg,http://www.defursac.net/media/catalog/product/cache/2/image/1090x1500/170ec19af00183b5e0368529fc2daa2f/1/6/16hc3idag-i549-24-5.jpg,http://www.defursac.net/media/catalog/product/cache/2/image/1090x1500/170ec19af00183b5e0368529fc2daa2f/1/6/16hc3idag-i549-24-6.jpg,,,1,new,0,0,0,0,1,
13,1,Slim fit suit,3,735,31,735,,,,,,13,,,,,,,,,,,100,1,both,,,,iTravel wool flannel,"Cognac Prince of Wales windowpane check on ash grey suit in virgin wool flannel “iTravel” by Lanificio F.lli Cerruti, made exclusively for De Fursac 2-button jacket, tailored collar with open buttonhole,open cuff buttonholes,2 flap pockets, 2 back vents. Trousers, fastening with visible buttonand adjustable waist tab, 2 Italian pockets,trouser bottom width 18 cm, finished with a turn-up(it is possible to open the turn-up to lengthen the leg). Mens suit 100% ""iTravel"" virgin wool by Lanificio F.lli CerrutiLining 100% viscose, corozo buttonsDry clean",Slim fit suit,Slim fit suit,Slim fit suit,iTravel wool flannel,,,,,,,,http://www.defursac.net/media/catalog/product/cache/2/image/1090x1500/170ec19af00183b5e0368529fc2daa2f/1/6/16hc3idda-i523-24-1.jpg,http://www.defursac.net/media/catalog/product/cache/2/image/1090x1500/170ec19af00183b5e0368529fc2daa2f/1/6/16hc3idda-i523-24-2.jpg,http://www.defursac.net/media/catalog/product/cache/2/image/1090x1500/170ec19af00183b5e0368529fc2daa2f/1/6/16hc3idda-i523-24-3.jpg,http://www.defursac.net/media/catalog/product/cache/2/image/1090x1500/170ec19af00183b5e0368529fc2daa2f/1/6/16hc3idda-i523-24-4.jpg,http://www.defursac.net/media/catalog/product/cache/2/image/1090x1500/170ec19af00183b5e0368529fc2daa2f/1/6/16hc3idda-i523-24-5.jpg,,,1,new,0,0,0,0,1,,
14,1,Slim fit suit,3,685,31,685,,,,,,14,,,,,,,,,,,100,1,both,,,,Virgin wool,"Carbon blue suit, muted Prince of Wales checkon Super 120s virgin wool 2-button jacket with tailored collar, 2 flap pockets, 1 back vent. Trousers, fastening with visible button, 2 Italian pockets,trouser bottom width 18 cm, unhemmed. Mens suit 100% virgin woolLining 100% viscose, corozo buttonsDry clean",Slim fit suit,Slim fit suit,Slim fit suit,Virgin wool,,,,,,,,http://www.defursac.net/media/catalog/product/cache/2/image/1090x1500/170ec19af00183b5e0368529fc2daa2f/1/6/16hc3ilya-i531-32-1.jpg,http://www.defursac.net/media/catalog/product/cache/2/image/1090x1500/170ec19af00183b5e0368529fc2daa2f/1/6/16hc3ilya-i531-32-2_1.jpg,http://www.defursac.net/media/catalog/product/cache/2/image/1090x1500/170ec19af00183b5e0368529fc2daa2f/1/6/16hc3ilya-i531-32-3_1.jpg,http://www.defursac.net/media/catalog/product/cache/2/image/1090x1500/170ec19af00183b5e0368529fc2daa2f/1/6/16hc3ilya-i531-32-4_1.jpg,http://www.defursac.net/media/catalog/product/cache/2/image/1090x1500/170ec19af00183b5e0368529fc2daa2f/1/6/16hc3ilya-i531-32-5_1.jpg,,,1,new,0,0,0,0,1,,
15,1,Slim fit suit,3,885,31,885,,,,,,15,,,,,,,,,,,100,1,both,,,,Super 150s AAAAA wool,"Navy blue plain serge suit, virgin wool Super 150s AAAAAby Lanificio F.lli Cerruti 2-button jacket with tailored collar, 2 flap pockets, 1 back vent. Trousers, fastening with visible button, 2 Italian pockets,trouser bottom width 18 cm, unhemmed. Mens suit 100% Super 150s AAAAA virgin wool by Lanificio F.lli CerrutiLining 100% viscose, corozo buttonsDry clean",Slim fit suit,Slim fit suit,Slim fit suit,Super 150s AAAAA wool,,,,,,,,http://www.defursac.net/media/catalog/product/cache/2/image/1090x1500/170ec19af00183b5e0368529fc2daa2f/1/6/16hc3ilya-i530-31-1.jpg,http://www.defursac.net/media/catalog/product/cache/2/image/1090x1500/170ec19af00183b5e0368529fc2daa2f/1/6/16hc3ilya-i530-31-2.jpg,http://www.defursac.net/media/catalog/product/cache/2/image/1090x1500/170ec19af00183b5e0368529fc2daa2f/1/6/16hc3ilya-i530-31-3.jpg,http://www.defursac.net/media/catalog/product/cache/2/image/1090x1500/170ec19af00183b5e0368529fc2daa2f/1/6/16hc3ilya-i530-31-4.jpg,http://www.defursac.net/media/catalog/product/cache/2/image/1090x1500/170ec19af00183b5e0368529fc2daa2f/1/6/16hc3ilya-i530-31-5.jpg,http://www.defursac.net/media/catalog/product/cache/2/image/1090x1500/170ec19af00183b5e0368529fc2daa2f/1/6/16hc3ilya-i530-31-6.jpg,,,1,new,0,0,0,0,1,
16,1,Slim fit suit,3,765,31,765,,,,,,16,,,,,,,,,,,100,1,both,,,,Super 140s AAAAA wool,"Charcoal grey suit, micro weaved on virgin wool Super 140s AAAAAby Lanificio F.lli Cerruti, made exclusively for De Fursac 2-button jacket with tailored collar, 2 flap pockets, 1 back vent. Trousers, fastening with visible button, 2 Italian pockets,trouser bottom width 18 cm, unhemmed. Mens suit 100% Super 140s AAAAA virgin wool by Lanificio F.lli CerrutiLining 100% viscose, corozo buttonsDry clean",Slim fit suit,Slim fit suit,Slim fit suit,Super 140s AAAAA wool,,,,,,,,http://www.defursac.net/media/catalog/product/cache/2/image/1090x1500/170ec19af00183b5e0368529fc2daa2f/1/6/16hc3ilya-i509-21-1.jpg,http://www.defursac.net/media/catalog/product/cache/2/image/1090x1500/170ec19af00183b5e0368529fc2daa2f/1/6/16hc3ilya-i509-21-2.jpg,http://www.defursac.net/media/catalog/product/cache/2/image/1090x1500/170ec19af00183b5e0368529fc2daa2f/1/6/16hc3ilya-i509-21-3.jpg,http://www.defursac.net/media/catalog/product/cache/2/image/1090x1500/170ec19af00183b5e0368529fc2daa2f/1/6/16hc3ilya-i509-21-4.jpg,,,1,new,0,0,0,0,1,,,
17,1,Slim fit suit,3,885,31,885,,,,,,17,,,,,,,,,,,100,1,both,,,,Super 150s AAAAA wool,"Midnight blue suit, micro design on virgin wool Super 150s AAAAAby Lanificio F.lli Cerruti, made exclusively for De Fursac 2-button jacket with tailored collar, 2 flap pockets, 1 back vent. Trousers, fastening with visible button, 2 Italian pockets,trouser bottom width 18 cm, unhemmed. Mens suit 100% Super 150s AAAAA virgin wool by Lanificio F.lli CerrutiLining 100% viscose, corozo buttonsDry clean",Slim fit suit,Slim fit suit,Slim fit suit,Super 150s AAAAA wool,,,,,,,,http://www.defursac.net/media/catalog/product/cache/2/image/1090x1500/170ec19af00183b5e0368529fc2daa2f/1/6/16hc3ilya-i519-31-1.jpg,http://www.defursac.net/media/catalog/product/cache/2/image/1090x1500/170ec19af00183b5e0368529fc2daa2f/1/6/16hc3ilya-i519-31-2.jpg,http://www.defursac.net/media/catalog/product/cache/2/image/1090x1500/170ec19af00183b5e0368529fc2daa2f/1/6/16hc3ilya-i519-31-3.jpg,http://www.defursac.net/media/catalog/product/cache/2/image/1090x1500/170ec19af00183b5e0368529fc2daa2f/1/6/16hc3ilya-i519-31-4.jpg,http://www.defursac.net/media/catalog/product/cache/2/image/1090x1500/170ec19af00183b5e0368529fc2daa2f/1/6/16hc3ilya-i519-31-5.jpg,http://www.defursac.net/media/catalog/product/cache/2/image/1090x1500/170ec19af00183b5e0368529fc2daa2f/1/6/16hc3ilya-i519-31-6.jpg,,,1,new,0,0,0,0,1,
18,1,Double-breasted suit,3,765,31,765,,,,,,18,,,,,,,,,,,100,1,both,,,,Fulled wool twill,"Charcoal grey double-breasted suit in fulled wool twill 6-button double-breasted jacket,peak collar with open buttonhole, open cuff buttonholes,2 flap pockets, 2 back vents. Trousers, fastening with visible buttonand adjustable waist tab, 2 Italian pockets,trouser bottom width 18 cm, finished with a turn-up(it is possible to open the turn-up to lengthen the leg). Mens suit 100% virgin woolLining 100% viscose, corozo buttonsDry clean",Double-breasted suit,Double-breasted suit,Double-breasted suit,Fulled wool twill,,,,,,,,http://www.defursac.net/media/catalog/product/cache/2/image/1090x1500/170ec19af00183b5e0368529fc2daa2f/1/6/16hc3icla-i553-21-1.jpg,http://www.defursac.net/media/catalog/product/cache/2/image/1090x1500/170ec19af00183b5e0368529fc2daa2f/1/6/16hc3icla-i553-21-2.jpg,http://www.defursac.net/media/catalog/product/cache/2/image/1090x1500/170ec19af00183b5e0368529fc2daa2f/1/6/16hc3icla-i553-21-3.jpg,http://www.defursac.net/media/catalog/product/cache/2/image/1090x1500/170ec19af00183b5e0368529fc2daa2f/1/6/16hc3icla-i553-21-4.jpg,http://www.defursac.net/media/catalog/product/cache/2/image/1090x1500/170ec19af00183b5e0368529fc2daa2f/1/6/16hc3icla-i553-21-5.jpg,,,1,new,0,0,0,0,1,,
19,1,Regular fit suit,3,765,31,765,,,,,,19,,,,,,,,,,,100,1,both,,,,Super 140s AAAAA wool,"Midnight blue bird's eye pattern suit in virgin wool Super 140s AAAAAby Lanificio F.lli Cerruti, made exclusively for De Fursac 2-button jacket, tailored collar with open buttonhole,2 flap pockets, 1 back vent. Trousers, fastening with visible button,2 Italian pockets, trouser bottom width 19 cm, unhemmed. From size 58, the jacket has 2 back ventsand the trouser bottom width is 21 cm. Mens suit 100% Super 140s AAAAA virgin wool by Lanificio F.lli CerrutiLining 100% viscose, corozo buttonsDry clean",Regular fit suit,Regular fit suit,Regular fit suit,Super 140s AAAAA wool,,,,,,,,http://www.defursac.net/media/catalog/product/cache/2/image/1090x1500/170ec19af00183b5e0368529fc2daa2f/1/6/16hc2ildo-i507-31-1.jpg,http://www.defursac.net/media/catalog/product/cache/2/image/1090x1500/170ec19af00183b5e0368529fc2daa2f/1/6/16hc2ildo-1507-31-2.jpg,http://www.defursac.net/media/catalog/product/cache/2/image/1090x1500/170ec19af00183b5e0368529fc2daa2f/1/6/16hc2ildo-1507-31-3.jpg,http://www.defursac.net/media/catalog/product/cache/2/image/1090x1500/170ec19af00183b5e0368529fc2daa2f/1/6/16hc2ildo-1507-31-4.jpg,,,1,new,0,0,0,0,1,,,
20,1,Slim fit suit,3,"1,15",31,"1,15",,,,,,20,,,,,,,,,,,100,1,both,,,,Turbo 180 virgin wool,"Carbon blue suit, semi plain in virgin wool Turbo 180 AAAAAby Lanificio F.lli Cerruti, made exclusively for De Fursac 2-button jacket with tailored collar, 2 flap pockets, 1 back vent. Trousers, fastening with visible button, 2 Italian pockets,trouser bottom width 18 cm, unhemmed. Mens suit 100% Turbo 180 AAAAA virgin wool by Lanificio F.lli CerrutiLining 100% viscose, corozo buttonsDry clean",Slim fit suit,Slim fit suit,Slim fit suit,Turbo 180 virgin wool,,,,,,,,http://www.defursac.net/media/catalog/product/cache/2/image/1090x1500/170ec19af00183b5e0368529fc2daa2f/1/6/16hc3ilya-e557-37-1.jpg,http://www.defursac.net/media/catalog/product/cache/2/image/1090x1500/170ec19af00183b5e0368529fc2daa2f/1/6/16hc3ilya-e557-37-2.jpg,http://www.defursac.net/media/catalog/product/cache/2/image/1090x1500/170ec19af00183b5e0368529fc2daa2f/1/6/16hc3ilya-e557-37-3.jpg,http://www.defursac.net/media/catalog/product/cache/2/image/1090x1500/170ec19af00183b5e0368529fc2daa2f/1/6/16hc3ilya-e557-37-4.jpg,http://www.defursac.net/media/catalog/product/cache/2/image/1090x1500/170ec19af00183b5e0368529fc2daa2f/1/6/16hc3ilya-e557-37-5.jpg,,,1,new,0,0,0,0,1,,
21,1,Slim fit suit,3,885,31,885,,,,,,21,,,,,,,,,,,100,1,both,,,,Super 150s AAAAA wool,"Charcoal grey end-on-end suit in virgin wool Super 150s AAAAAby Lanificio F.lli Cerruti, made exclusively for De Fursac 2-button jacket with tailored collar, 2 flap pockets, 1 back vent. Trousers, fastening with visible button, 2 Italian pockets,trouser bottom width 18 cm, unhemmed. Mens suit 100% Super 150s AAAAA virgin wool by Lanificio F.lli CerrutiLining 100% viscose, corozo buttonsDry clean",Slim fit suit,Slim fit suit,Slim fit suit,Super 150s AAAAA wool,,,,,,,,http://www.defursac.net/media/catalog/product/cache/2/image/1090x1500/170ec19af00183b5e0368529fc2daa2f/1/6/16hc3ilya-i534-21-1.jpg,http://www.defursac.net/media/catalog/product/cache/2/image/1090x1500/170ec19af00183b5e0368529fc2daa2f/1/6/16hc3ilya-i534-21-2.jpg,http://www.defursac.net/media/catalog/product/cache/2/image/1090x1500/170ec19af00183b5e0368529fc2daa2f/1/6/16hc3ilya-i534-21-3.jpg,http://www.defursac.net/media/catalog/product/cache/2/image/1090x1500/170ec19af00183b5e0368529fc2daa2f/1/6/16hc3ilya-i534-21-4.jpg,http://www.defursac.net/media/catalog/product/cache/2/image/1090x1500/170ec19af00183b5e0368529fc2daa2f/1/6/16hc3ilya-i534-21-5.jpg,,,1,new,0,0,0,0,1,,
22,1,Slim fit suit,3,785,31,785,,,,,,22,,,,,,,,,,,100,1,both,,,,Virgin wool flannel and cashmere,"Caramel suit in virgin wool flannel and cashmere ""Cashmerelight""by Lanificio F.lli Cerruti, made exclusively for De Fursac 2-button jacket, tailored collar with open buttonhole,open cuff buttonholes,2 flap pockets, 2 back vents. Trousers, fastening with visible buttonand adjustable waist tab, 2 Italian pockets,trouser bottom width 18 cm, finished with a turn-up(it is possible to open the turn-up to lengthen the leg). Mens suit 95% virgin wool, 5% cashmere""Cashmerelight"" by Lanificio F.lli CerrutiLining 100% viscose, corozo buttonsDry clean",Slim fit suit,Slim fit suit,Slim fit suit,Virgin wool flannel and cashmere,,,,,,,,http://www.defursac.net/media/catalog/product/cache/2/image/1090x1500/170ec19af00183b5e0368529fc2daa2f/1/6/16hc3idda-i555-59-1_1.jpg,http://www.defursac.net/media/catalog/product/cache/2/image/1090x1500/170ec19af00183b5e0368529fc2daa2f/1/6/16hc3idda-i555-59-2_1.jpg,http://www.defursac.net/media/catalog/product/cache/2/image/1090x1500/170ec19af00183b5e0368529fc2daa2f/1/6/16hc3idda-i555-59-4_1.jpg,http://www.defursac.net/media/catalog/product/cache/2/image/1090x1500/170ec19af00183b5e0368529fc2daa2f/1/6/16hc3idda-i555-59-3_1.jpg,,,1,new,0,0,0,0,1,,,
23,1,Costume regular fit,3,695,31,695,,,,,,23,,,,,,,,,,,100,1,both,,,,Laine Super 130's AAAAA,,Costume regular fit,Costume regular fit,Costume regular fit,Laine Super 130's AAAAA,,,,,,,,http://www.defursac.net/media/catalog/product/cache/2/image/1090x1500/170ec19af00183b5e0368529fc2daa2f/c/2/c2bony-n530-20-1.jpg,http://www.defursac.net/media/catalog/product/cache/2/image/1090x1500/170ec19af00183b5e0368529fc2daa2f/c/2/c2bony-n530-20-2.jpg,http://www.defursac.net/media/catalog/product/cache/2/image/1090x1500/170ec19af00183b5e0368529fc2daa2f/c/2/c2bony-n530-20-4.jpg,http://www.defursac.net/media/catalog/product/cache/2/image/1090x1500/170ec19af00183b5e0368529fc2daa2f/c/2/c2bony-n530-20-3.jpg,,,1,new,0,0,0,0,1,,,
24,1,Slim fit suit,3,695,31,695,,,,,,24,,,,,,,,,,,100,1,both,,,,Super 130s AAAAA wool,"Black Plain serge suit,Lanificio F.lli Cerruti Super 130s AAAAA virgin wool,made exclusively for De Fursac 2-button jacket with tailored collar,2 flap pockets, 1 back vent.Trousers, fastening with hidden button, 2 Italian pockets,trouser bottom width 18 cm, unhemmed Black mens suit 100% Lanificio F.lli Cerruti Super 130s AAAAA virgin woollining 100% viscoseDry clean",Slim fit suit,Slim fit suit,Slim fit suit,Super 130s AAAAA wool,,,,,,,,http://www.defursac.net/media/catalog/product/cache/2/image/1090x1500/170ec19af00183b5e0368529fc2daa2f/1/6/16hc3mily-n530-20-1.jpg,http://www.defursac.net/media/catalog/product/cache/2/image/1090x1500/170ec19af00183b5e0368529fc2daa2f/1/6/16hc3mily-n530-20-2.jpg,http://www.defursac.net/media/catalog/product/cache/2/image/1090x1500/170ec19af00183b5e0368529fc2daa2f/1/6/16hc3mily-n530-20-3.jpg,http://www.defursac.net/media/catalog/product/cache/2/image/1090x1500/170ec19af00183b5e0368529fc2daa2f/1/6/16hc3mily-n530-20-4.jpg,http://www.defursac.net/media/catalog/product/cache/2/image/1090x1500/170ec19af00183b5e0368529fc2daa2f/1/6/16hc3mily-n530-20-5.jpg,,,1,new,0,0,0,0,1,,
25,1,Slim fit suit,3,685,31,685,,,,,,25,,,,,,,,,,,100,1,both,,,,Boiled virgin wool,"Indigo suit in boiled virgin wool with small checks 2-button jacket with tailored collar, open cuff buttonholes.2 flap pockets, 1 back vent. Trousers, fastening with visible buttonand adjustable waist tab, 2 Italian pockets,trouser bottom width 18 cm, finished with a turn-up(it is possible to open the turn-up to lengthen the leg). Mens suit 100% virgin woolLining 100% viscose, corozo buttonsDry clean",Slim fit suit,Slim fit suit,Slim fit suit,Boiled virgin wool,,,,,,,,http://www.defursac.net/media/catalog/product/cache/2/image/1090x1500/170ec19af00183b5e0368529fc2daa2f/1/6/16hc3isma-i526-31-1.jpg,http://www.defursac.net/media/catalog/product/cache/2/image/1090x1500/170ec19af00183b5e0368529fc2daa2f/1/6/16hc3isma-i526-31-2.jpg,http://www.defursac.net/media/catalog/product/cache/2/image/1090x1500/170ec19af00183b5e0368529fc2daa2f/1/6/16hc3isma-i526-31-3.jpg,http://www.defursac.net/media/catalog/product/cache/2/image/1090x1500/170ec19af00183b5e0368529fc2daa2f/1/6/16hc3isma-i526-31-4.jpg,http://www.defursac.net/media/catalog/product/cache/2/image/1090x1500/170ec19af00183b5e0368529fc2daa2f/1/6/16hc3isma-i526-31-5.jpg,,,1,new,0,0,0,0,1,,
26,1,Slim fit suit,3,885,31,885,,,,,,26,,,,,,,,,,,100,1,both,,,,Super 150s AAAAA wool,"Grey suit in marl virgin wool Super 150s AAAAAby Lanificio F.lli Cerruti, made exclusively for De Fursac 2-button jacket with tailored collar, 2 flap pockets, 1 back vent. Trousers, fastening with visible button, 2 Italian pockets,trouser bottom width 18 cm, unhemmed. Mens suit 100% Super 150s AAAAA virgin wool by Lanificio F.lli CerrutiLining 100% viscose, corozo buttonsDry clean",Slim fit suit,Slim fit suit,Slim fit suit,Super 150s AAAAA wool,,,,,,,,http://www.defursac.net/media/catalog/product/cache/2/image/1090x1500/170ec19af00183b5e0368529fc2daa2f/1/6/16hc3ilya-i517-29-1.jpg,http://www.defursac.net/media/catalog/product/cache/2/image/1090x1500/170ec19af00183b5e0368529fc2daa2f/1/6/16hc3ilya-i517-29-2.jpg,http://www.defursac.net/media/catalog/product/cache/2/image/1090x1500/170ec19af00183b5e0368529fc2daa2f/1/6/16hc3ilya-i517-29-3.jpg,http://www.defursac.net/media/catalog/product/cache/2/image/1090x1500/170ec19af00183b5e0368529fc2daa2f/1/6/16hc3ilya-i517-29-4.jpg,http://www.defursac.net/media/catalog/product/cache/2/image/1090x1500/170ec19af00183b5e0368529fc2daa2f/1/6/16hc3ilya-i517-29-5.jpg,,,1,new,0,0,0,0,1,,
27,1,Slim fit suit,3,"1,15",31,"1,15",,,,,,27,,,,,,,,,,,100,1,both,,,,Turbo 180 virgin wool,"Navy blue suit, micro weaved on virgin wool Turbo 180 AAAAAby Lanificio F.lli Cerruti, made exclusively for De Fursac 2-button jacket with tailored collar, 2 flap pockets, 1 back vent. Trousers, fastening with visible button, 2 Italian pockets,trouser bottom width 18 cm, unhemmed. Mens suit 100% Turbo 180 AAAAA virgin wool by Lanificio F.lli CerrutiLining 100% viscose, corozo buttonsDry clean",Slim fit suit,Slim fit suit,Slim fit suit,Turbo 180 virgin wool,,,,,,,,http://www.defursac.net/media/catalog/product/cache/2/image/1090x1500/170ec19af00183b5e0368529fc2daa2f/1/6/16hc3ilya-f566-31-1.jpg,http://www.defursac.net/media/catalog/product/cache/2/image/1090x1500/170ec19af00183b5e0368529fc2daa2f/1/6/16hc3ilya-f566-31-2.jpg,http://www.defursac.net/media/catalog/product/cache/2/image/1090x1500/170ec19af00183b5e0368529fc2daa2f/1/6/16hc3ilya-f566-31-3.jpg,http://www.defursac.net/media/catalog/product/cache/2/image/1090x1500/170ec19af00183b5e0368529fc2daa2f/1/6/16hc3ilya-f566-31-4.jpg,http://www.defursac.net/media/catalog/product/cache/2/image/1090x1500/170ec19af00183b5e0368529fc2daa2f/1/6/16hc3ilya-f566-31-5.jpg,http://www.defursac.net/media/catalog/product/cache/2/image/1090x1500/170ec19af00183b5e0368529fc2daa2f/1/6/16hc3ilya-f566-31-6.jpg,http://www.defursac.net/media/catalog/product/cache/2/image/1090x1500/170ec19af00183b5e0368529fc2daa2f/1/6/16hc3ilya-f566-31-7.jpg,,,1,new,0,0,0,0,1
28,1,Slim fit suit,3,"1,15",31,"1,15",,,,,,28,,,,,,,,,,,100,1,both,,,,Turbo 180 virgin wool,"Charcoal grey end-on-end suit in virgin wool Turbo 180 AAAAAby Lanificio F.lli Cerruti, made exclusively for De Fursac 2-button jacket with tailored collar, 2 flap pockets, 1 back vent. Trousers, fastening with visible button, 2 Italian pockets,trouser bottom width 18 cm, unhemmed. Mens suit 100% Turbo 180 AAAAA virgin wool by Lanificio F.lli CerrutiLining 100% viscose, corozo buttonsDry clean",Slim fit suit,Slim fit suit,Slim fit suit,Turbo 180 virgin wool,,,,,,,,http://www.defursac.net/media/catalog/product/cache/2/image/1090x1500/170ec19af00183b5e0368529fc2daa2f/1/6/16hc3ilya-i525-21-1.jpg,http://www.defursac.net/media/catalog/product/cache/2/image/1090x1500/170ec19af00183b5e0368529fc2daa2f/1/6/16hc3ilya-i525-21-2.jpg,http://www.defursac.net/media/catalog/product/cache/2/image/1090x1500/170ec19af00183b5e0368529fc2daa2f/1/6/16hc3ilya-i525-21-3.jpg,http://www.defursac.net/media/catalog/product/cache/2/image/1090x1500/170ec19af00183b5e0368529fc2daa2f/1/6/16hc3ilya-i525-21-4.jpg,http://www.defursac.net/media/catalog/product/cache/2/image/1090x1500/170ec19af00183b5e0368529fc2daa2f/1/6/16hc3ilya-i525-21-5.jpg,,,1,new,0,0,0,0,1,,
29,1,Slim fit suit,3,"1,15",31,"1,15",,,,,,29,,,,,,,,,,,100,1,both,,,,Turbo 180 virgin wool,"Midnight blue plain serge suit, virgin wool Turbo 180 AAAAAby Lanificio F.lli Cerruti, made exclusively for De Fursac 2-button jacket with tailored collar, 2 flap pockets, 1 back vent. Trousers, fastening with visible button, 2 Italian pockets,trouser bottom width 18 cm, unhemmed. Mens suit 100% Turbo 180 AAAAA virgin wool by Lanificio F.lli CerrutiLining 100% viscose, corozo buttonsDry clean",Slim fit suit,Slim fit suit,Slim fit suit,Turbo 180 virgin wool,,,,,,,,http://www.defursac.net/media/catalog/product/cache/2/image/1090x1500/170ec19af00183b5e0368529fc2daa2f/1/6/16hc3ilya-a534-31-1.jpg,http://www.defursac.net/media/catalog/product/cache/2/image/1090x1500/170ec19af00183b5e0368529fc2daa2f/1/6/16hc3ilya-a534-31-2.jpg,http://www.defursac.net/media/catalog/product/cache/2/image/1090x1500/170ec19af00183b5e0368529fc2daa2f/1/6/16hc3ilya-a534-31-3.jpg,http://www.defursac.net/media/catalog/product/cache/2/image/1090x1500/170ec19af00183b5e0368529fc2daa2f/1/6/16hc3ilya-a534-31-5.jpg,,,1,new,0,0,0,0,1,,,
30,1,Slim fit suit,3,"1,15",31,"1,15",,,,,,30,,,,,,,,,,,100,1,both,,,,Turbo 180 virgin wool,"Charcoal grey semi plain suit, virgin wool Turbo 180 AAAAAby Lanificio F.lli Cerruti, made exclusively for De Fursac 2-button jacket with tailored collar, 2 flap pockets, 1 back vent. Trousers, fastening with visible button, 2 Italian pockets,trouser bottom width 18 cm, unhemmed. Mens suit 100% Turbo 180 AAAAA virgin wool by Lanificio F.lli CerrutiLining 100% viscose, corozo buttonsDry clean",Slim fit suit,Slim fit suit,Slim fit suit,Turbo 180 virgin wool,,,,,,,,http://www.defursac.net/media/catalog/product/cache/2/image/1090x1500/170ec19af00183b5e0368529fc2daa2f/1/6/16hc3ilya-e555-21-1.jpg,http://www.defursac.net/media/catalog/product/cache/2/image/1090x1500/170ec19af00183b5e0368529fc2daa2f/1/6/16hc3ilya-e555-21-2.jpg,http://www.defursac.net/media/catalog/product/cache/2/image/1090x1500/170ec19af00183b5e0368529fc2daa2f/1/6/16hc3ilya-e555-21-4.jpg,http://www.defursac.net/media/catalog/product/cache/2/image/1090x1500/170ec19af00183b5e0368529fc2daa2f/1/6/16hc3ilya-e555-21-3.jpg,http://www.defursac.net/media/catalog/product/cache/2/image/1090x1500/170ec19af00183b5e0368529fc2daa2f/1/6/16hc3ilya-e555-21-5.jpg,http://www.defursac.net/media/catalog/product/cache/2/image/1090x1500/170ec19af00183b5e0368529fc2daa2f/1/6/16hc3ilya-e555-21-6.jpg,,,1,new,0,0,0,0,1,
31,1,Slim fit tuxedo,4,885,31,885,,,,,,31,,,,,,,,,,,100,1,both,,,,Virgin wool,"Charcoal grey tuxedo, virgin wool semi plain 1-button tuxedo jacket with satin shawl collar,opencuff buttonhole,2 welt pockets with flap, 1 back vent. Trousers, fastening with visible buttonand adjustable waist tab, 2 Italian pockets,satin strip down the lenght of the leg,trouser bottom width 18cm, unhemmed. Mens tuxedos 100% virgin woolLining 100% viscoseDry clean",Slim fit tuxedo,Slim fit tuxedo,Slim fit tuxedo,Virgin wool,,,,,,,,http://www.defursac.net/media/catalog/product/cache/2/image/1090x1500/170ec19af00183b5e0368529fc2daa2f/1/6/16hs3imag-i542-29-1.jpg,http://www.defursac.net/media/catalog/product/cache/2/image/1090x1500/170ec19af00183b5e0368529fc2daa2f/1/6/16hs3imag-i542-29-2.jpg,http://www.defursac.net/media/catalog/product/cache/2/image/1090x1500/170ec19af00183b5e0368529fc2daa2f/1/6/16hs3imag-i542-29-3.jpg,http://www.defursac.net/media/catalog/product/cache/2/image/1090x1500/170ec19af00183b5e0368529fc2daa2f/1/6/16hs3imag-i542-29-4.jpg,http://www.defursac.net/media/catalog/product/cache/2/image/1090x1500/170ec19af00183b5e0368529fc2daa2f/1/6/16hs3imag-i542-29-5.jpg,,,1,new,0,0,0,0,1,,
32,1,Slim fit tuxedo,4,935,31,935,,,,,,32,,,,,,,,,,,100,1,both,,,,Wool blend jacquard,"Black tuxedo with sparkly fantasy motif, wool blend Jacquard 1-button tuxedo jacket with contrasted satin peak collar,opencuff buttonhole, 2 welt pockets with flap, 1 back vent. Trousers, fastening with visible buttonand adjustable waist tab, 2 Italian pockets,satin strip down the lenght of the leg,trouser bottom width 18cm, finished hem(it is possible to open the hem to lengthen the leg).  Mens tuxedo 65% polyester, 22% acrylic, 9% wooland 4% other fibersLining 100% viscoseDry clean",Slim fit tuxedo,Slim fit tuxedo,Slim fit tuxedo,Wool blend jacquard,,,,,,,,http://www.defursac.net/media/catalog/product/cache/2/image/1090x1500/170ec19af00183b5e0368529fc2daa2f/1/6/16hs3idol-i500-20-1.jpg,http://www.defursac.net/media/catalog/product/cache/2/image/1090x1500/170ec19af00183b5e0368529fc2daa2f/1/6/16hs3idol-i500-20-2.jpg,http://www.defursac.net/media/catalog/product/cache/2/image/1090x1500/170ec19af00183b5e0368529fc2daa2f/1/6/16hs3idol-i500-20-3.jpg,http://www.defursac.net/media/catalog/product/cache/2/image/1090x1500/170ec19af00183b5e0368529fc2daa2f/1/6/16hs3idol-i500-20-4.jpg,http://www.defursac.net/media/catalog/product/cache/2/image/1090x1500/170ec19af00183b5e0368529fc2daa2f/1/6/16hs3idol-i500-20-5.jpg,,,1,new,0,0,0,0,1,,
33,1,Slim fit tuxedo,4,985,31,985,,,,,,33,,,,,,,,,,,100,1,both,,,,Virgin wool faille,"3-piece tuxedo in black virgin wool faille 1-button tuxedo jacket with duchess satin shawl collar,opencuff buttonhole, 2 welt pockets, 1 back vent.3-button tuxedo waistcoat, viscose back, tightening tab and metal buckle. Trousers, fastening with hidden button, 2 Italian pockets,satin trim down the length of the leg,trouser bottom width 18 cm, unhemmed. Mens tuxedo 100% virgin woolLining 100% viscoseDry clean",Slim fit tuxedo,Slim fit tuxedo,Slim fit tuxedo,Virgin wool faille,,,,,,,,http://www.defursac.net/media/catalog/product/cache/2/image/1090x1500/170ec19af00183b5e0368529fc2daa2f/p/e/pers3iggy-c555-20-1.jpg,http://www.defursac.net/media/catalog/product/cache/2/image/1090x1500/170ec19af00183b5e0368529fc2daa2f/p/e/pers3iggy-c555-20-2.jpg,http://www.defursac.net/media/catalog/product/cache/2/image/1090x1500/170ec19af00183b5e0368529fc2daa2f/p/e/pers3iggy-c555-20-4.jpg,http://www.defursac.net/media/catalog/product/cache/2/image/1090x1500/170ec19af00183b5e0368529fc2daa2f/p/e/pers3iggy-c555-20-5.jpg,http://www.defursac.net/media/catalog/product/cache/2/image/1090x1500/170ec19af00183b5e0368529fc2daa2f/p/e/pers3iggy-c555-20-6.jpg,,,1,new,0,0,0,0,1,,
34,1,Slim fit tuxedo,4,865,31,865,,,,,,34,,,,,,,,,,,100,1,both,,,,Virgin wool,"Indigo blue tuxedo, micro design on virgin wool 2-button tuxedo jacket with satin peak collar,opencuff buttonhole,2 welt pockets with flap, 1 back vent. Trousers, fastening with visible buttonand adjustable waist tab, 2 Italian pockets,satin strip down the lenght of the leg,trouser bottom width 18cm, unhemmed. Mens tuxedo 100% virgin woolLining 100% viscoseDry clean",Slim fit tuxedo,Slim fit tuxedo,Slim fit tuxedo,Virgin wool,,,,,,,,http://www.defursac.net/media/catalog/product/cache/2/image/1090x1500/170ec19af00183b5e0368529fc2daa2f/1/6/16hs3ilmo-i552-31-1.jpg,http://www.defursac.net/media/catalog/product/cache/2/image/1090x1500/170ec19af00183b5e0368529fc2daa2f/1/6/16hs3ilmo-i552-31-2.jpg,http://www.defursac.net/media/catalog/product/cache/2/image/1090x1500/170ec19af00183b5e0368529fc2daa2f/1/6/16hs3ilmo-i552-31-3.jpg,http://www.defursac.net/media/catalog/product/cache/2/image/1090x1500/170ec19af00183b5e0368529fc2daa2f/1/6/16hs3ilmo-i552-31-4.jpg,http://www.defursac.net/media/catalog/product/cache/2/image/1090x1500/170ec19af00183b5e0368529fc2daa2f/1/6/16hs3ilmo-i552-31-5.jpg,http://www.defursac.net/media/catalog/product/cache/2/image/1090x1500/170ec19af00183b5e0368529fc2daa2f/1/6/16hs3ilmo-i552-31-6.jpg,http://www.defursac.net/media/catalog/product/cache/2/image/1090x1500/170ec19af00183b5e0368529fc2daa2f/1/6/16hs3ilmo-i552-31-7.jpg,,,1,new,0,0,0,0,1
35,1,Slim fit tuxedo,4,785,31,785,,,,,,35,,,,,,,,,,,100,1,both,,,,Wool and mohair,"Navy blue tuxedo in wool and mohair plain weave 2-button tuxedo jacket with satin tailored collar,opencuff buttonhole,2 welt pockets with flap, 1 back vent. Trousers with satin belt and adjustablewaist tab, 2 Italian pockets,satin strip down the lenght of the leg,trouser bottom width 18cm, invisible finished hem(it is possible to open the hem to lengthen the leg) Mens tuxedo 73% wool and 27% mohairLining 100% viscoseDry clean",Slim fit tuxedo,Slim fit tuxedo,Slim fit tuxedo,Wool and mohair,,,,,,,,http://www.defursac.net/media/catalog/product/cache/2/image/1090x1500/170ec19af00183b5e0368529fc2daa2f/1/6/16hs3itto-b526-30-1.jpg,http://www.defursac.net/media/catalog/product/cache/2/image/1090x1500/170ec19af00183b5e0368529fc2daa2f/1/6/16hs3itto-b526-30-2.jpg,http://www.defursac.net/media/catalog/product/cache/2/image/1090x1500/170ec19af00183b5e0368529fc2daa2f/1/6/16hs3itto-b526-30-3.jpg,http://www.defursac.net/media/catalog/product/cache/2/image/1090x1500/170ec19af00183b5e0368529fc2daa2f/1/6/16hs3itto-b526-30-4.jpg,http://www.defursac.net/media/catalog/product/cache/2/image/1090x1500/170ec19af00183b5e0368529fc2daa2f/1/6/16hs3itto-b526-30-6.jpg,http://www.defursac.net/media/catalog/product/cache/2/image/1090x1500/170ec19af00183b5e0368529fc2daa2f/1/6/16hs3itto-b526-30-7.jpg,,,1,new,0,0,0,0,1,
36,1,Slim fit tuxedo,4,885,31,885,,,,,,36,,,,,,,,,,,100,1,both,,,,Virgin wool,"Charcoal grey ""scale"" motif on virgin wool Jacquard,""Oxygen"" by Lanificio F.lli Cerruti 1-button jacket tuxedo with contrasted satin peak collar,opencuff buttonhole, 1 back vent. Trousers with fastening with visible buttonand adjustable waist tab, 2 Italian pockets,fine satin strip down the lenght of the leg,trouser botton width 18,5 cm, finished hem(it is possible to open the hem to lengthen the leg). Mens tuxedo 100% virgin wool ""Oxygen"" by Lanificio F.lli CerrutiLining 100% viscoseDry clean",Slim fit tuxedo,Slim fit tuxedo,Slim fit tuxedo,Virgin wool,,,,,,,,http://www.defursac.net/media/catalog/product/cache/2/image/1090x1500/170ec19af00183b5e0368529fc2daa2f/1/6/16es3fera-f514-21-1.jpg,http://www.defursac.net/media/catalog/product/cache/2/image/1090x1500/170ec19af00183b5e0368529fc2daa2f/1/6/16es3fera-f514-21-2.jpg,http://www.defursac.net/media/catalog/product/cache/2/image/1090x1500/170ec19af00183b5e0368529fc2daa2f/1/6/16es3fera-f514-21-3.jpg,http://www.defursac.net/media/catalog/product/cache/2/image/1090x1500/170ec19af00183b5e0368529fc2daa2f/1/6/16es3fera-f514-21-4.jpg,http://www.defursac.net/media/catalog/product/cache/2/image/1090x1500/170ec19af00183b5e0368529fc2daa2f/1/6/16es3fera-f514-21-5.jpg,,,1,new,0,0,0,0,1,,
37,1,Slim fit tuxedo,4,885,31,885,,,,,,37,,,,,,,,,,,100,1,both,,,,Sparkly virgin wool,"Sparkly midnight blue motif on virgin wool 1-button jacket with contrasted satin peak collar,opencuff buttonhole, 1 back vent. Trousers with fastening with visible buttonand adjustable waist tab, 2 Italian pockets,fine satin strip down the lenght of the leg,trouser botton width 18,5 cm, finished hem(it is possible to open the hem to lengthen the leg). Blue tuxedo 89% virgin wool and 11% polyamideLining 100% viscoseDry clean",Slim fit tuxedo,Slim fit tuxedo,Slim fit tuxedo,Sparkly virgin wool,,,,,,,,http://www.defursac.net/media/catalog/product/cache/2/image/1090x1500/170ec19af00183b5e0368529fc2daa2f/1/6/16es3fera-f547-30-1.jpg,http://www.defursac.net/media/catalog/product/cache/2/image/1090x1500/170ec19af00183b5e0368529fc2daa2f/1/6/16es3fera-f547-30-2.jpg,http://www.defursac.net/media/catalog/product/cache/2/image/1090x1500/170ec19af00183b5e0368529fc2daa2f/1/6/16es3fera-f547-30-3.jpg,http://www.defursac.net/media/catalog/product/cache/2/image/1090x1500/170ec19af00183b5e0368529fc2daa2f/1/6/16es3fera-f547-30-4.jpg,http://www.defursac.net/media/catalog/product/cache/2/image/1090x1500/170ec19af00183b5e0368529fc2daa2f/1/6/16es3fera-f547-30-5.jpg,,,1,new,0,0,0,0,1,,
38,1,Slim fit tuxedo,4,765,31,765,,,,,,38,,,,,,,,,,,100,1,both,,,,Wool and mohair,"Black tuxedo in wool and mohair plain weave 2-button tuxedo jacket with velvet tailored collar,opencuff buttonhole, 2 welt pockets with flap,1 back vent. Trousers, fastening with visible buttonand adjustable waist tab, 2 Italian pockets,velvet strip down the lenght of the leg,trouser bottom width 18cm, unhemmed. Mens tuxedo 73% wool and 27% mohairLining 100% viscoseDry clean",Slim fit tuxedo,Slim fit tuxedo,Slim fit tuxedo,Wool and mohair,,,,,,,,http://www.defursac.net/media/catalog/product/cache/2/image/1090x1500/170ec19af00183b5e0368529fc2daa2f/1/6/16hs3ikly-b526-20-1.jpg,http://www.defursac.net/media/catalog/product/cache/2/image/1090x1500/170ec19af00183b5e0368529fc2daa2f/1/6/16hs3ikly-b526-20-2.jpg,http://www.defursac.net/media/catalog/product/cache/2/image/1090x1500/170ec19af00183b5e0368529fc2daa2f/1/6/16hs3ikly-b526-20-3.jpg,http://www.defursac.net/media/catalog/product/cache/2/image/1090x1500/170ec19af00183b5e0368529fc2daa2f/1/6/16hs3ikly-b526-20-4.jpg,http://www.defursac.net/media/catalog/product/cache/2/image/1090x1500/170ec19af00183b5e0368529fc2daa2f/1/6/16hs3ikly-b526-20-5.jpg,,,1,new,0,0,0,0,1,,
39,1,Slim fit tuxedo,4,785,31,785,,,,,,39,,,,,,,,,,,100,1,both,,,,Virgin wool,"Mineral blue virgin wool end-on-end tuxedo, 2-button jacket with satin shawl collar,opencuff buttonhole, 1 back vent.Trousers with satin belt andadjustable waist tab, 2 Italian pockets,satin trim down the length of the leg,trouser bottom width 18 cm, unfinished hem Slim fit tuxedo 100% virgin woollining 100% viscoseDry clean",Slim fit tuxedo,Slim fit tuxedo,Slim fit tuxedo,Virgin wool,,,,,,,,http://www.defursac.net/media/catalog/product/cache/2/image/1090x1500/170ec19af00183b5e0368529fc2daa2f/p/e/pers3vikk-b513-31-1.jpg,http://www.defursac.net/media/catalog/product/cache/2/image/1090x1500/170ec19af00183b5e0368529fc2daa2f/p/e/pers3vikk-b513-31-2.jpg,http://www.defursac.net/media/catalog/product/cache/2/image/1090x1500/170ec19af00183b5e0368529fc2daa2f/p/e/pers3vikk-b513-31-3.jpg,http://www.defursac.net/media/catalog/product/cache/2/image/1090x1500/170ec19af00183b5e0368529fc2daa2f/p/e/pers3vikk-b513-31-4.jpg,http://www.defursac.net/media/catalog/product/cache/2/image/1090x1500/170ec19af00183b5e0368529fc2daa2f/p/e/pers3vikk-b513-31-5.jpg,http://www.defursac.net/media/catalog/product/cache/2/image/1090x1500/170ec19af00183b5e0368529fc2daa2f/p/e/pers3vikk-b513-31-6.jpg,,,1,new,0,0,0,0,1,
40,1,Slim fit tuxedo,4,785,31,785,,,,,,40,,,,,,,,,,,100,1,both,,,,Virgin wool and mohair,"Black virgin wool and mohair plain weave tuxedo 1-button jacket with contrasted satin peak collar,opencuff buttonhole, 1 back vent. Trousers with satin belt andand adjustable waist tab, 2 Italian pockets,satin strip down the lenght of the leg,trouser botton width 18 cm, unfinished hem Mens tuxedo 73% virgin wool, 27% mohairLining 100% viscoseDry clean",Slim fit tuxedo,Slim fit tuxedo,Slim fit tuxedo,Virgin wool and mohair,,,,,,,,http://www.defursac.net/media/catalog/product/cache/2/image/1090x1500/170ec19af00183b5e0368529fc2daa2f/p/e/pers3flam-b526-20-1.jpg,http://www.defursac.net/media/catalog/product/cache/2/image/1090x1500/170ec19af00183b5e0368529fc2daa2f/p/e/pers3flam-b526-20-2.jpg,http://www.defursac.net/media/catalog/product/cache/2/image/1090x1500/170ec19af00183b5e0368529fc2daa2f/p/e/pers3flam-b526-20-3.jpg,http://www.defursac.net/media/catalog/product/cache/2/image/1090x1500/170ec19af00183b5e0368529fc2daa2f/p/e/pers3flam-b526-20-4.jpg,http://www.defursac.net/media/catalog/product/cache/2/image/1090x1500/170ec19af00183b5e0368529fc2daa2f/p/e/pers3flam-b526-20-5.jpg,,,1,new,0,0,0,0,1,,
41,1,Slim fit jacket,5,475,31,475,,,,,,41,,,,,,,,,,,100,1,both,,,,iTravel virgin wool,"Suit jacket in navy blue virgin wool Panama weave ""iTravel""by Lanificio F.lli Cerruti, made exclusively for De Fursac 2-button jacket with tailored collar,2 flap pockets, 1 back vent.  Matching trousers available Mens jacket 100% ""iTravel"" virgin wool by Lanificio F.lli CerrutiDry clean",Slim fit jacket,Slim fit jacket,Slim fit jacket,iTravel virgin wool,,,,,,,,http://www.defursac.net/media/catalog/product/cache/2/image/1090x1500/170ec19af00183b5e0368529fc2daa2f/1/6/16hv3ilya-c550-32-1.jpg,http://www.defursac.net/media/catalog/product/cache/2/image/1090x1500/170ec19af00183b5e0368529fc2daa2f/1/6/16hv3ilya-c550-32-2.jpg,http://www.defursac.net/media/catalog/product/cache/2/image/1090x1500/170ec19af00183b5e0368529fc2daa2f/1/6/16hv3ilya-c550-32-3.jpg,,,1,new,0,0,0,0,1,,,,
42,1,Waistcoat,5,185,31,185,,,,,,42,,,,,,,,,,,100,1,both,,,,iTravel virgin wool,"5-button waistcoat, in navy blue virgin wool Panama weave ""iTravel""by Lanificio F.lli Cerruti, made exclusively for De Fursac piped pockets, viscose back with tab and metal buckle Matching suit available Men waistcoat 100% ""iTravel"" virgin wool by Lanificio F.lli CerrutiDry clean",Waistcoat,Waistcoat,Waistcoat,iTravel virgin wool,,,,,,,,http://www.defursac.net/media/catalog/product/cache/2/image/1090x1500/170ec19af00183b5e0368529fc2daa2f/1/6/16hg3dogg-c550-32-1.jpg,http://www.defursac.net/media/catalog/product/cache/2/image/1090x1500/170ec19af00183b5e0368529fc2daa2f/1/5/15eg3dogg-d510-32-2_2.jpg,,,1,new,0,0,0,0,1,,,,,
43,1,Suit trousers,5,210,31,210,,,,,,43,,,,,,,,,,,100,1,both,,,,iTravel virgin wool,"Suit trousers in navy blue virgin wool Panama weave ""iTravel""by Lanificio F.lli Cerruti, made exclusively for De Fursac Trousers, fastening with visible button,2 Italian pockets, 2 back welt pockets,trouser bottom width 18 cm, unhemmed.  Matching jacket available Mens trousers 100% ""iTravel"" virgin wool by Lanificio F.lli CerrutiDry clean",Suit trousers,Suit trousers,Suit trousers,iTravel virgin wool,,,,,,,,http://www.defursac.net/media/catalog/product/cache/2/image/1090x1500/170ec19af00183b5e0368529fc2daa2f/1/6/16hp3ilys-c550-32-1_1.jpg,http://www.defursac.net/media/catalog/product/cache/2/image/1090x1500/170ec19af00183b5e0368529fc2daa2f/1/6/16hp3ilys-c550-32-2_2_.jpg,http://www.defursac.net/media/catalog/product/cache/2/image/1090x1500/170ec19af00183b5e0368529fc2daa2f/1/6/16hp3ilys-c550-32-2_1.jpg,http://www.defursac.net/media/catalog/product/cache/2/image/1090x1500/170ec19af00183b5e0368529fc2daa2f/1/6/16hp3ilys-c550-32-3_1.jpg,,,1,new,0,0,0,0,1,,,
44,1,Suit trousers,5,210,31,210,,,,,,44,,,,,,,,,,,100,1,both,,,,Super 140s AAAAA wool,"Suit trousers in black virgin wool plain serge Super 140sAAAAA by Lanificio F.lli Cerruti, made exclusively for De Fursac Trousers, fastening with visible button,2 Italian pockets, 2 back welt pockets,trouser bottom width 18 cm, unhemmed.  Matching jacket available Mens trousers 100% Super 140s AAAAA virgin wool by Lanificio F.lli CerrutiDry clean",Suit trousers,Suit trousers,Suit trousers,Super 140s AAAAA wool,,,,,,,,http://www.defursac.net/media/catalog/product/cache/2/image/1090x1500/170ec19af00183b5e0368529fc2daa2f/1/6/16hp3ilys-f530-20-1.jpg,http://www.defursac.net/media/catalog/product/cache/2/image/1090x1500/170ec19af00183b5e0368529fc2daa2f/1/6/16hp3ilys-f530-20-2.jpg,http://www.defursac.net/media/catalog/product/cache/2/image/1090x1500/170ec19af00183b5e0368529fc2daa2f/1/6/16hp3ilys-f530-20-3.jpg,http://www.defursac.net/media/catalog/product/cache/2/image/1090x1500/170ec19af00183b5e0368529fc2daa2f/1/6/16hp3ilys-f530-20-4.jpg,,,1,new,0,0,0,0,1,,,
45,1,Slim fit jacket,5,525,31,525,,,,,,45,,,,,,,,,,,100,1,both,,,,Super 140s AAAAA wool,"Suit jacket in black virgin wool plain serge Super 140s AAAAAby Lanificio F.lli Cerruti, made exclusively for De Fursac 2-button jacket with tailored collar,2 flap pockets, 1 back vent.  Matching trouser available Mens jacket 100% Super 140s AAAAA virgin wool by Lanificio F.lli CerrutiDry clean",Slim fit jacket,Slim fit jacket,Slim fit jacket,Super 140s AAAAA wool,,,,,,,,http://www.defursac.net/media/catalog/product/cache/2/image/1090x1500/170ec19af00183b5e0368529fc2daa2f/1/6/16hv3ilya-f530-20-1.jpg,http://www.defursac.net/media/catalog/product/cache/2/image/1090x1500/170ec19af00183b5e0368529fc2daa2f/1/6/16hv3ilya-f530-20-2.jpg,http://www.defursac.net/media/catalog/product/cache/2/image/1090x1500/170ec19af00183b5e0368529fc2daa2f/1/6/16hv3ilya-f530-20-3.jpg,http://www.defursac.net/media/catalog/product/cache/2/image/1090x1500/170ec19af00183b5e0368529fc2daa2f/1/6/16hv3ilya-f530-20-4.jpg,,,1,new,0,0,0,0,1,,,
46,1,Slim fit jacket,5,465,31,465,,,,,,46,,,,,,,,,,,100,1,both,,,,Virgin wool,"Midnight blue suit jacket, semi plain in virgin wool 2-button jacket with tailored collar,2 flap pockets, 1 back vent.  Matching trousers available Mens jacket 100% virgin woolDry clean",Slim fit jacket,Slim fit jacket,Slim fit jacket,Virgin wool,,,,,,,,http://www.defursac.net/media/catalog/product/cache/2/image/1090x1500/170ec19af00183b5e0368529fc2daa2f/1/6/16hv3ilya-i546-30-1.jpg,http://www.defursac.net/media/catalog/product/cache/2/image/1090x1500/170ec19af00183b5e0368529fc2daa2f/1/6/16hv3ilya-i546-30-2.jpg,http://www.defursac.net/media/catalog/product/cache/2/image/1090x1500/170ec19af00183b5e0368529fc2daa2f/1/6/16hv3ilya-i546-30-3.jpg,,,1,new,0,0,0,0,1,,,,
47,1,Suit trousers,5,195,31,195,,,,,,47,,,,,,,,,,,100,1,both,,,,Virgin wool,"Midnight blue suit trousers, semi plain in virgin wool Trousers, fastening with visible button,2 Italian pockets, 2 back welt pockets,trouser bottom width 18 cm, unhemmed.  Matching jacket available Mens trousers 100% virgin woolDry clean",Suit trousers,Suit trousers,Suit trousers,Virgin wool,,,,,,,,http://www.defursac.net/media/catalog/product/cache/2/image/1090x1500/170ec19af00183b5e0368529fc2daa2f/1/6/16hp3ilys-i546-30-1.jpg,http://www.defursac.net/media/catalog/product/cache/2/image/1090x1500/170ec19af00183b5e0368529fc2daa2f/1/6/16hp3ilys-i546-30-2.jpg,http://www.defursac.net/media/catalog/product/cache/2/image/1090x1500/170ec19af00183b5e0368529fc2daa2f/1/6/16hp3ilys-i546-30-3.jpg,http://www.defursac.net/media/catalog/product/cache/2/image/1090x1500/170ec19af00183b5e0368529fc2daa2f/1/6/16hp3ilys-i546-30-4.jpg,,,1,new,0,0,0,0,1,,,
48,1,Suit trousers,5,210,31,210,,,,,,48,,,,,,,,,,,100,1,both,,,,iTravel virgin wool,"Suit trousers, micro design on charcoal grey virgin wool""iTravel"" by Lanificio F.lli Cerruti, made exclusively for De Fursac Trousers, fastening with visible button,2 Italian pockets, 2 back welt pockets,trouser bottom width 18 cm, unhemmed.  Matching jacket available Mens trousers 100% ""iTravel"" virgin wool by Lanificio F.lli CerrutiDry clean",Suit trousers,Suit trousers,Suit trousers,iTravel virgin wool,,,,,,,,http://www.defursac.net/media/catalog/product/cache/2/image/1090x1500/170ec19af00183b5e0368529fc2daa2f/1/6/16hp3ilys-i516-21-1_1.jpg,http://www.defursac.net/media/catalog/product/cache/2/image/1090x1500/170ec19af00183b5e0368529fc2daa2f/1/6/16hp3ilys-i516-21-2.jpg,http://www.defursac.net/media/catalog/product/cache/2/image/1090x1500/170ec19af00183b5e0368529fc2daa2f/1/6/16hp3ilys-i516-21-3.jpg,http://www.defursac.net/media/catalog/product/cache/2/image/1090x1500/170ec19af00183b5e0368529fc2daa2f/1/6/16hp3ilys-i516-21-4.jpg,,,1,new,0,0,0,0,1,,,
49,1,Slim fit jacket,5,475,31,475,,,,,,49,,,,,,,,,,,100,1,both,,,,iTravel virgin wool,"Suit jacket, micro design on charcoal grey virgin wool ""iTravel""by Lanificio F.lli Cerruti, made exclusively for De Fursac 2-button jacket with tailored collar,2 flap pockets, 1 back vent.  Matching trousers available Mens jacket 100% ""iTravel"" virgin wool by Lanificio F.lli CerrutiDry clean",Slim fit jacket,Slim fit jacket,Slim fit jacket,iTravel virgin wool,,,,,,,,http://www.defursac.net/media/catalog/product/cache/2/image/1090x1500/170ec19af00183b5e0368529fc2daa2f/1/6/16hv3ilya-i516-21-1b.jpg,http://www.defursac.net/media/catalog/product/cache/2/image/1090x1500/170ec19af00183b5e0368529fc2daa2f/1/6/16hv3ilya-i516-21-2.jpg,http://www.defursac.net/media/catalog/product/cache/2/image/1090x1500/170ec19af00183b5e0368529fc2daa2f/1/6/16hv3ilya-i516-21-3.jpg,http://www.defursac.net/media/catalog/product/cache/2/image/1090x1500/170ec19af00183b5e0368529fc2daa2f/1/6/16hv3ilya-i516-21-4.jpg,,,1,new,0,0,0,0,1,,,
50,1,Suit trousers,5,195,31,195,,,,,,50,,,,,,,,,,,100,1,both,,,,iStretch virgin wool,"Suit trousers in navy blue virgin wool plain weave ""iStretch""by Lanificio F.lli Cerruti, made exclusively for De Fursac Trousers, fastening with visible button,2 Italian pockets, 2 back welt pockets,trouser bottom width 18 cm, unhemmed.  Matching jacket available Mens trousers 100% virgin wool ""iStretch"" by Lanificio F.lli CerrutiDry clean",Suit trousers,Suit trousers,Suit trousers,iStretch virgin wool,,,,,,,,http://www.defursac.net/media/catalog/product/cache/2/image/1090x1500/170ec19af00183b5e0368529fc2daa2f/1/6/16hp3ilys-e502-31-1.jpg,http://www.defursac.net/media/catalog/product/cache/2/image/1090x1500/170ec19af00183b5e0368529fc2daa2f/1/6/16hp3ilys-e502-31-2.jpg,http://www.defursac.net/media/catalog/product/cache/2/image/1090x1500/170ec19af00183b5e0368529fc2daa2f/1/6/16hp3ilys-e502-31-3.jpg,http://www.defursac.net/media/catalog/product/cache/2/image/1090x1500/170ec19af00183b5e0368529fc2daa2f/1/6/16hp3ilys-e502-31-4.jpg,,,1,new,0,0,0,0,1,,,
